{
  "courses": [
    {
      "id": 1,
      "name": "Introduction to Python Programming",
      "instructor": "Dr. Jane Doe",
      "start_date": "2023-04-01",
      "end_date": "2023-05-31",
      "description": "This course provides an introduction to programming with Python. Students will learn the basics of Python syntax and programming concepts such as variables, control structures, functions, and file I/O."
    },
    {
      "id": 2,
      "name": "Data Science Fundamentals",
      "instructor": "Dr. John Smith",
      "start_date": "2023-06-01",
      "end_date": "2023-07-31",
      "description": "This course provides an introduction to the field of data science. Students will learn basic statistics, data wrangling, data visualization, and machine learning techniques using Python."
    },
    {
      "id": 3,
      "name": "Web Development with React",
      "instructor": "Ms. Sarah Lee",
      "start_date": "2023-08-01",
      "end_date": "2023-09-30",
      "description": "This course provides an introduction to web development using the React JavaScript library. Students will learn how to build interactive web applications using React components, state management, and routing."
    },
    {
      "name": "My Course",
      "instructor": "Instructor ABC",
      "start_date": "01-01-2024",
      "end_date": "02-01-2024",
      "description": "Testing 123",
      "id": 4
    }
  ]
}