[{
  "_id": {
    "$oid": "69353333625ed23bb50be934"
  },
  "name": "Action"
},
{
  "_id": {
    "$oid": "69353333625ed23bb50be935"
  },
  "name": "Comedy"
},
{
  "_id": {
    "$oid": "69353333625ed23bb50be936"
  },
  "name": "Drama"
},
{
  "_id": {
    "$oid": "69353333625ed23bb50be937"
  },
  "name": "Horror"
},
{
  "_id": {
    "$oid": "69353333625ed23bb50be938"
  },
  "name": "Sci-Fi"
},
{
  "_id": {
    "$oid": "69353333625ed23bb50be939"
  },
  "name": "Thriller"
},
{
  "_id": {
    "$oid": "69353333625ed23bb50be93a"
  },
  "name": "Romance"
},
{
  "_id": {
    "$oid": "69353333625ed23bb50be93b"
  },
  "name": "Fantasy"
},
{
  "_id": {
    "$oid": "69353333625ed23bb50be93c"
  },
  "name": "Adventure"
},
{
  "_id": {
    "$oid": "69353333625ed23bb50be93d"
  },
  "name": "Animation"
}]