{
	"info": {
		"_postman_id": "99a5c611-fc40-4723-9d4b-a993af8171ab",
		"name": "WAD_Proj",
		"schema": "https://schema.getpostman.com/json/collection/v2.1.0/collection.json",
		"_exporter_id": "49951572",
		"_collection_link": "https://chanhongming00-6874443.postman.co/workspace/Chan-Hong-Ming's-Workspace~05de7be0-605f-4b25-8221-2737aa024ac7/collection/49951572-99a5c611-fc40-4723-9d4b-a993af8171ab?action=share&source=collection_link&creator=49951572"
	},
	"item": [
		{
			"name": "Add movie",
			"request": {
				"method": "POST",
				"header": [],
				"body": {
					"mode": "urlencoded",
					"urlencoded": [
						{
							"key": "title",
							"value": "testing 3",
							"type": "text"
						},
						{
							"key": "description",
							"value": "hello",
							"type": "text"
						},
						{
							"key": "releaseYear",
							"value": "2025",
							"type": "text"
						},
						{
							"key": "genreId",
							"value": "69353333625ed23bb50be934",
							"type": "text"
						},
						{
							"key": "email",
							"value": "test@email.com",
							"type": "text"
						}
					]
				},
				"url": {
					"raw": "localhost:3000/api/movie/add",
					"host": [
						"localhost"
					],
					"port": "3000",
					"path": [
						"api",
						"movie",
						"add"
					]
				}
			},
			"response": []
		},
		{
			"name": "Netflix Search movies/shows",
			"request": {
				"method": "GET",
				"header": [],
				"url": {
					"raw": "localhost:3000/api/netflix/search/stranger things",
					"host": [
						"localhost"
					],
					"port": "3000",
					"path": [
						"api",
						"netflix",
						"search",
						"stranger things"
					]
				}
			},
			"response": []
		},
		{
			"name": "Search Movie by name",
			"protocolProfileBehavior": {
				"disableBodyPruning": true
			},
			"request": {
				"method": "GET",
				"header": [],
				"body": {
					"mode": "urlencoded",
					"urlencoded": []
				},
				"url": {
					"raw": "localhost:3000/api/movie/search/testing 1",
					"host": [
						"localhost"
					],
					"port": "3000",
					"path": [
						"api",
						"movie",
						"search",
						"testing 1"
					]
				}
			},
			"response": []
		},
		{
			"name": "Delete movie by Name",
			"request": {
				"method": "DELETE",
				"header": [],
				"body": {
					"mode": "urlencoded",
					"urlencoded": [
						{
							"key": "title",
							"value": "testing 5",
							"type": "text"
						},
						{
							"key": "email",
							"value": "test@email.com",
							"type": "text"
						}
					]
				},
				"url": {
					"raw": "localhost:3000/api/movie/delete",
					"host": [
						"localhost"
					],
					"port": "3000",
					"path": [
						"api",
						"movie",
						"delete"
					]
				}
			},
			"response": []
		},
		{
			"name": "Update movie by id",
			"request": {
				"method": "PUT",
				"header": [],
				"body": {
					"mode": "urlencoded",
					"urlencoded": [
						{
							"key": "title",
							"value": "testing 5",
							"type": "text"
						},
						{
							"key": "description",
							"value": "hello this is testing 5",
							"type": "text"
						},
						{
							"key": "releaseYear",
							"value": "2021",
							"type": "text"
						},
						{
							"key": "genreId",
							"value": "6933edb3e9b6de9734f5cfb3",
							"type": "text"
						},
						{
							"key": "email",
							"value": "test@gmail.com",
							"type": "text"
						}
					]
				},
				"url": {
					"raw": "localhost:3000/api/movie/update/6935970a51f857f72c327e5a",
					"host": [
						"localhost"
					],
					"port": "3000",
					"path": [
						"api",
						"movie",
						"update",
						"6935970a51f857f72c327e5a"
					]
				}
			},
			"response": []
		},
		{
			"name": "search all movie",
			"request": {
				"method": "GET",
				"header": [],
				"url": {
					"raw": "localhost:3000/api/movie/search",
					"host": [
						"localhost"
					],
					"port": "3000",
					"path": [
						"api",
						"movie",
						"search"
					]
				}
			},
			"response": []
		},
		{
			"name": "Search movie by id",
			"request": {
				"method": "GET",
				"header": [],
				"url": {
					"raw": "localhost:3000/api/movie/search/69357cfdfe1ea4700db2385b",
					"host": [
						"localhost"
					],
					"port": "3000",
					"path": [
						"api",
						"movie",
						"search",
						"69357cfdfe1ea4700db2385b"
					]
				}
			},
			"response": []
		},
		{
			"name": "Add poster",
			"request": {
				"method": "PUT",
				"header": [],
				"body": {
					"mode": "formdata",
					"formdata": [
						{
							"key": "movieID",
							"value": "6935970a51f857f72c327e5a",
							"type": "text"
						},
						{
							"key": "poster",
							"type": "file",
							"src": "/C:/Users/chanh/OneDrive/Pictures/Screenshots/Screenshot (10).png"
						}
					]
				},
				"url": {
					"raw": "localhost:3000/api/movie/poster/add",
					"host": [
						"localhost"
					],
					"port": "3000",
					"path": [
						"api",
						"movie",
						"poster",
						"add"
					]
				}
			},
			"response": []
		},
		{
			"name": "show top 250 movies",
			"request": {
				"method": "GET",
				"header": [],
				"url": {
					"raw": "localhost:3000/api/movies/top250",
					"host": [
						"localhost"
					],
					"port": "3000",
					"path": [
						"api",
						"movies",
						"top250"
					]
				}
			},
			"response": []
		},
		{
			"name": "Search all Genre",
			"request": {
				"method": "GET",
				"header": [],
				"url": {
					"raw": "localhost:3000/api/genre/search",
					"host": [
						"localhost"
					],
					"port": "3000",
					"path": [
						"api",
						"genre",
						"search"
					]
				}
			},
			"response": []
		},
		{
			"name": "Add genre",
			"request": {
				"method": "POST",
				"header": [],
				"body": {
					"mode": "urlencoded",
					"urlencoded": [
						{
							"key": "name",
							"value": "test",
							"type": "text"
						}
					]
				},
				"url": {
					"raw": "localhost:3000/api/genre/add?name=test",
					"host": [
						"localhost"
					],
					"port": "3000",
					"path": [
						"api",
						"genre",
						"add"
					],
					"query": [
						{
							"key": "name",
							"value": "test"
						}
					]
				}
			},
			"response": []
		},
		{
			"name": "Delete genre by name",
			"request": {
				"method": "DELETE",
				"header": [],
				"body": {
					"mode": "urlencoded",
					"urlencoded": [
						{
							"key": "name",
							"value": "test2",
							"type": "text"
						}
					]
				},
				"url": {
					"raw": "localhost:3000/api/genre/delete",
					"host": [
						"localhost"
					],
					"port": "3000",
					"path": [
						"api",
						"genre",
						"delete"
					]
				}
			},
			"response": []
		},
		{
			"name": "Update Genre by Id",
			"request": {
				"method": "PUT",
				"header": [],
				"body": {
					"mode": "urlencoded",
					"urlencoded": [
						{
							"key": "name",
							"value": "test2",
							"type": "text"
						}
					]
				},
				"url": {
					"raw": "localhost:3000/api/genre/update/6935a5f513da432c9542dfcf",
					"host": [
						"localhost"
					],
					"port": "3000",
					"path": [
						"api",
						"genre",
						"update",
						"6935a5f513da432c9542dfcf"
					]
				}
			},
			"response": []
		}
	]
}